title,score,url,num_comments,text,flair,original,subreddit,comments,polarity,timestamp
"['weekli', 'discuss', 'megathread', 'june', '12', '2022', 'gmt+0']",5,https://www.reddit.com/r/CryptoMarkets/comments/valhec/weekly_discussion_megathread_june_12_2022_gmt0/,23,"['welcom', 'r/cryptomarket', 'weekli', 'discuss', 'thread', 'the', 'thread', 'guidelin', 'follow', 'the', 'thread', 'guidelin', 'follow', 'discuss', 'topic', 'includ', 'limit', 'event', 'day', 'technic', 'analysi', 'minor', 'question', 'break', 'news', 'import', 'content', 'submit', 'separ', 'post', 'cryptocurr', 'discuss', 'relat', 'trade', 'refer', 'r/cryptocurr', 'gener', 'discuss', 'thread', 'see', 'follow', 'golden', 'rule', 'excel', 'resourc', 'tool', 'consid', 'join', 'one', 'r/cryptomarket', 'chat', 'group', 'see', 'if', 'use', 're', 'pleas', 'click', 'subscrib', 'button', 'notifi', 'new', 'comment', 'post', 'to', 'view', 'live', 'stream', 'comment', 'thread', 'click', 'thank', 'advanc', 'particip', 'enjoy']",Discussion,False,CryptoMarkets,"['today', ""'s"", 'crypto', 'market', 'statu', 'Ôºöextrem', 'fear', 'where', 'crypto-as-a-hedge-against-inflation-trust-me-bro', 'eat', 'shit', 'hope', 'i', 'see', 'lit', 'go', 'market', 'reason', 'didnyou', 'guy', 'saw', 'someth', 'i', 'miss', 'ruh-roh', 'who', ""'s"", 'make', 'bank', 'via', 'defi', 'option', 'vault', 'dov', 'gener', 'interest', 'peopl', 'still', 'buy', 'wait', 'sub', '20k‚Ä¶', 'i', '‚Äô', 'gon', 'na', 'dca', 'way', '10k', 'lol', 'okay', 'hi', 'i', 'start', 'make', 'money', 'have', 'save', 'spare', 'i', '‚Äô', 'need', 'anytim', 'soon', 'i', 'emerg', 'fund', 'i', 'genuin', 'new', 'crypto', 'i', 'want', 'ask', 'market', 'low', 'i', 'invest', 'littl', 'bit', 'money', 'btc', 'eth', 'right', 'would', 'prudent']",-0.6582,2022-06-12 18:30:10
"['celsiu', 'withdraw', 'stay', 'block', '5th', 'day', 'client', 'fear', 'lose', 'all', 'fund']",91,https://tokenist.com/celsius-withdrawals-stay-blocked-for-5th-day-as-clients-fear-losing-all-funds/,16,[],NEWS,False,CryptoMarkets,"['in', 'faq', 'email', 'sent', 'say', 'investor', 'continu', 'earn', 'reward', 'ü§∑\u200d‚ôÇÔ∏è', 'these', 'fucker', 'su', 'whi', 'borrow', 'lend', 'crypto', 'clearli', 'god', 'damn', 'volatil', 'asset', 'class', 'idiot', 'buy', 'crypto', 'unlev', 'cash', 'stake', 'hodl', 'rich', 'glta', 'bloodi', 'friday', 'incom', 'i', 'guess', 'mt', 'gox', 'shit', 'happen', 'necessari', 'purg', 'liter', 'look', 'yesterday', 'verbatim', 'tweet', '``', 'profit', ""''"", 'way', 'su', 'oblivion']",-0.7482,2022-06-16 19:59:29
"['he', 'must', 'sad']",96,https://i.redd.it/08ibfyeafz591.jpg,13,[],COMEDY,False,CryptoMarkets,"['he', '‚Äô', 'buy', 'dip', 'look', 'portfolio', 'üòÅ', 'if', 'believ', 'say', 'publicli', ""'s"", 'like', 'upset', ""n't"", 'capit', 'buy', 'dip', 'can', 'stop', 'pretend', 'someth', 'bad', 'happen', 'crypto', 'for', 'dip', ""'s"", 'done', 'singl', 'bitcoin', 'still', 'worth', 'thousand', 'american', 'dollar', '--', 'world', ""'s"", 'fiat', 'when', ""'s"", 'worth', 'less', 'dollar', 'i', ""'ll"", 'start', 'think', ""'s"", 'worth', 'bout', 'he', ""'s"", 'asset', 'hi', 'mission', 'succes', 'he', ""'s"", 'prepar', 'sail', 'away', 'miseri']",-0.6597,2022-06-16 18:36:18
"['elon', 'musk', 'su', 'billion', 'dogecoin', '‚Äò', 'pyramid', 'scheme', '‚Äô']",15,https://nypost.com/2022/06/16/elon-musk-sued-for-258-billion-over-dogecoin-pyramid-scheme/amp/,3,[],,False,CryptoMarkets,"['that', 'prove', 'interest', 'consid', 'take', 'suit', 'it', 'look', 'like', 'op', 'post', 'amp', 'link', 'these', 'load', 'faster', 'amp', 'controversi', 'concern', 'privaci', 'open', 'web', 'mayb', 'check', 'canon', 'page', 'instead', 'i', ""'m"", 'bot', 'whi', 'about']",0.1027,2022-06-16 23:31:44
"['celsiu', 'network', 'paus', 'withdraw', 'swap', 'transfer', '72', 'hour']",13,https://www.reddit.com/r/CryptoMarkets/comments/vdofc8/celsius_network_has_now_paused_withdrawals_swaps/,4,"['celsiu', 'network', 'paus', 'withdraw', 'swap', 'transfer', '72', 'hour', 'the', 'crypto', 'lender', 'also', 'hire', 'restructur', 'attorney', 'advis', 'possibl', 'solut', 'do', 'think', 'celsiu', 'eventu', 'resum', 'withdraw', 'swap', 'transfer', 'investor']",DISCUSSION,False,CryptoMarkets,"['without', 'takeov', 'extrem', 'limit', 'you', ""n't"", 'bring', 'restructur', 'lawyer', 'expect', 'resum', 'busi', 'usual', 'next', 'tuesday', 'i', ""n't"", 'think', 'capit', 'they', 'lost', 'much', 'bad', 'invest', 'not', 'sure', 'red', 'open', 'withdraw', ""'ll"", ""'bank"", 'run', 'they', 'come', 'all', 'immedi', 'i', ""n't"", 'see', 'anyon', 'invest', 'enough', 'new', 'capit', 'network', 'anymor', 'sustain']",-0.6265,2022-06-16 20:51:04
"['circl', 'launch', 'euro-peg', 'stablecoin', 'euro', 'coin']",12,https://coincodecap.com/circle-to-launch-euro-pegged-stablecoin,0,[],,False,CryptoMarkets,[],0.0,2022-06-16 22:01:47
"['less', 'month', 'launch', 'over', '100', 'token', 'pool', 'deploy', 'bancor', 'v3']",18,https://zycrypto.com/less-than-a-month-after-launching-over-100-token-pools-deployed-on-bancor-v3/,1,[],,False,CryptoMarkets,"['bancor', 'one', 'project', 'take', 'real', 'measur', 'imperman', 'loss', 'vaulabl', 'liquid', 'provid', 'here', 'name', 'join', 'index', 'dai', 'snx', 'link', 'eth', 'vbnt', 'lpl', 'arcona', 'shibgf']",-0.0258,2022-06-16 18:21:01
"['celsiu', 'go', 'bank']",7,https://youtube.com/shorts/zkCsNlOvDFk?feature=share,2,[],,False,CryptoMarkets,"['‚Äú', 'let', '‚Äô', 'put', 'alt', 'coin', 'aaaaaannnnnd', '‚Äô', 'gone', '‚Äù', 'it', 'might', 'crypto', 'winter', 'coffe', ""'s"", 'summer', 'season', 'plenti', 'pop', 'come', 'bear', 'market']",0.0,2022-06-16 20:15:49
"['yahoo', 'launch', 'metavers', 'event', 'hong', 'kong']",5,https://coincodecap.com/yahoo-is-launching-metaverse-events-in-hong-kong,0,[],,False,CryptoMarkets,[],0.0,2022-06-16 21:32:02
"['microstrategi', '‚Äô', 'michael', 'saylor', 'on', 'bitcoin', 'btc', 'price', 'now', 'is', '‚Äú', 'ideal', 'entri', 'point', '‚Äù', 'investor']",136,https://timestabloid.com/microstrategys-michael-saylor-on-bitcoin-btc-price-now-is-the-ideal-entry-point-for-investors/,62,[],NEWS,False,CryptoMarkets,"['bitcoin', 'pro', '/r/cryptomarkets/comments/vd45h9/microstrategys_michael_saylor_on_bitcoin_btc/ici2rq0/', 'con', '/r/cryptomarkets/comments/vd45h9/microstrategys_michael_saylor_on_bitcoin_btc/ici2s92/', 'relat', 'info', 'collaps', 'comment', 'pro', 'con', 'chang', 'everi', 'new', 'post', 'man', 'lost', 'bitcoin', 'invest', 'would', 'like', 'peopl', 'buy', 'push', 'price', 'shock', 'no', 'good', 'entri', 'point', 'btc', 'at', 'least', 'self', 'interest', 'ppl', 'hold', 'price', '...', 'üòè', 'yeah', 'let', '‚Äô', 'forget', 'guy', 'lost', 'shirt', 'get', 'so', '‚Äô', 'say', 'past', 'perform', 'guarante', 'futur', 'result', 'got', 'guy', 'pleas', 'buy', 'bag', '‚Äô', 'patient', 'whole', 'time', 'bbi', 'pleas', 'buy', 'bag', 'hi', 'face', 'say', 'otherwis', 'or', 'wait', 'drop', 'i', 'thought', 'univers', 'maxim', '‚Äô', 'tri', 'time', 'market', 'i', 'disagre', 'good', 'entri', 'point', 'everyth', 'oversold', 'right', 'even', 'us', 'dollar', 'go', 'back', 'to', 'honest', 'i', 'ca', ""n't"", 'even', 'imagin', 'much', 'usdt', 'cost', 'month', 'go', 'pump', 'thi', 'motherf', 'cker', 'ha', 'liquid', 'yet', 'ms', 'need', 'buy', 'doesnt', 'get', 'margin', 'call', 'michael', 'j.', 'saylor', 'absolut', 'right', 'mani', 'complain', 'miss', 'bitcoin', 'opportun', 'price', 'novemb', '2021', 'now', 'anoth', 'opportun', 'climb', 'aboard', 'revolutionari', 'train', 'aim', 'return', 'power', 'money', 'peopl', 'and', 'peopl', 'they', 'let', 'fear', 'rule', 'instead', 'act', 'logic', 'reason', 'peopl', 'let', 'emot', 'guid', 'choic', 'these', 'peopl', 'express', 'regret', 'futur', 'price', 'bitcoin', 'rise', 'the', 'opportun', 'everyon', 'bitcoin', 'the', 'differ', 'peopl', 'take', 'other', 'choos', 'prefer', 'regret', 'later', 'no', '‚Äô', 'fuck', 'way', '‚Äú', '‚Äô', 'sell', '‚Äô', 'lose', 'valu', '‚Äù', 'whistl', 'past', 'graveyard', 'i', 'decid', 'i', 'never', 'go', 'invest', 'bitcoin', 'ethereum', 'if', 'look', 'conmarketcap', 'find', 'top', '10', 'crypto', 'chang', 'drastic', 'everi', 'year', 'a', 'lot', 'project', 'kick', 'top', '10', 'due', 'recent', 'dump', 'new', 'one', 'replac', 'i', 'see', 'near', 'replac', 'sol', 'cndl', 'replac', 'bnb', 'binanc', 'offici', 'su', 'sec', 'make', 'think', 'bought', 'btc', ""fomo'"", 'like', 'liter', 'thought', 'go', '100k-1million', 'now', 'would', 'best', 'time', 'microstrategi', 'buy', 'tesla', 'etc', 'even', 'big', 'boy', 'got', 'fomo', 'ha', 'sayl', 'centuri', 'after', 'hous', 'market', 'collaps', 'that', 'ideal', 'moment', 'there', 'is', 'no', 'second', 'best', 'so', 'much', 'pump', 'nah', 'ideal', 'entri', 'point', '2', 'week', 'btc', 'hit', 'not', 'lmao', '‚Äô', 'beg', 'i', '‚Äô', 'glad', '‚Äô', 'beg', 'cuz', 'enough', 'dip', '‚Ä¶', 'let', '‚Äô', 'bottom', 'everyon', 'buy', 'hold', 'say', 'bought', 'bottom', 'happi']",0.972,2022-06-16 02:12:07
